id,en,fr,de,es,it
1,Bulbasaur,Bulbizarre,Bisasam,Bulbasaur,Bulbasaur
2,Ivysaur,Herbizarre,Bisaknosp,Ivysaur,Ivysaur
3,Venusaur,Florizarre,Bisaflor,Venusaur,Venusaur
4,Charmander,Salamèche,Glumanda,Charmander,Charmander
5,Charmeleon,Reptincel,Glutexo,Charmeleon,Charmeleon
6,Charizard,Dracaufeu,Glurak,Charizard,Charizard
7,Squirtle,Carapuce,Schiggy,Squirtle,Squirtle
8,Wartortle,Carabaffe,Schillok,Wartortle,Wartortle
9,Blastoise,Tortank,Turtok,Blastoise,Blastoise
10,Caterpie,Chenipan,Raupy,Caterpie,Caterpie
11,Metapod,Chrysacier,Safcon,Metapod,Metapod
12,Butterfree,Papilusion,Smettbo,Butterfree,Butterfree
13,Weedle,Aspicot,Hornliu,Weedle,Weedle
14,Kakuna,Coconfort,Kokuna,Kakuna,Kakuna
15,Beedrill,Dardargnan,Bibor,Beedrill,Beedrill
16,Pidgey,Roucool,Taubsi,Pidgey,Pidgey
17,Pidgeotto,Roucoups,Tauboga,Pidgeotto,Pidgeotto
18,Pidgeot,Roucarnage,Tauboss,Pidgeot,Pidgeot
19,Rattata,Rattata,Rattfratz,Rattata,Rattata
20,Raticate,Rattatac,Rattikarl,Raticate,Raticate
21,Spearow,Piafabec,Habitak,Spearow,Spearow
22,Fearow,Rapasdepic,Ibitak,Fearow,Fearow
23,Ekans,Abo,Rettan,Ekans,Ekans
24,Arbok,Arbok,Arbok,Arbok,Arbok
25,Pikachu,Pikachu,Pikachu,Pikachu,Pikachu
26,Raichu,Raichu,Raichu,Raichu,Raichu
27,Sandshrew,Sabelette,Sandan,Sandshrew,Sandshrew
28,Sandslash,Sablaireau,Sandamer,Sandslash,Sandslash
29,Nidoran♀,Nidoran♀,Nidoran♀,Nidoran♀,Nidoran♀
30,Nidorina,Nidorina,Nidorina,Nidorina,Nidorina
31,Nidoqueen,Nidoqueen,Nidoqueen,Nidoqueen,Nidoqueen
32,Nidoran♂,Nidoran♂,Nidoran♂,Nidoran♂,Nidoran♂
33,Nidorino,Nidorino,Nidorino,Nidorino,Nidorino
34,Nidoking,Nidoking,Nidoking,Nidoking,Nidoking
35,Clefairy,Mélofée,Piepi,Clefairy,Clefairy
36,Clefable,Mélodelfe,Pixi,Clefable,Clefable
37,Vulpix,Goupix,Vulpix,Vulpix,Vulpix
38,Ninetales,Feunard,Vulnona,Ninetales,Ninetales
39,Jigglypuff,Rondoudou,Pummeluff,Jigglypuff,Jigglypuff
40,Wigglytuff,Grodoudou,Knuddeluff,Wigglytuff,Wigglytuff
41,Zubat,Nosferapti,Zubat,Zubat,Zubat
42,Golbat,Nosferalto,Golbat,Golbat,Golbat
43,Oddish,Mystherbe,Myrapla,Oddish,Oddish
44,Gloom,Ortide,Duflor,Gloom,Gloom
45,Vileplume,Rafflesia,Giflor,Vileplume,Vileplume
46,Paras,Paras,Paras,Paras,Paras
47,Parasect,Parasect,Parasek,Parasect,Parasect
48,Venonat,Mimitoss,Bluzuk,Venonat,Venonat
49,Venomoth,Aéromite,Omot,Venomoth,Venomoth
50,Diglett,Taupiqueur,Digda,Diglett,Diglett
51,Dugtrio,Triopikeur,Digdri,Dugtrio,Dugtrio
52,Meowth,Miaouss,Mauzi,Meowth,Meowth
53,Persian,Persian,Snobilikat,Persian,Persian
54,Psyduck,Psykokwak,Enton,Psyduck,Psyduck
55,Golduck,Akwakwak,Entoron,Golduck,Golduck
56,Mankey,Férosinge,Menki,Mankey,Mankey
57,Primeape,Colossinge,Rasaff,Primeape,Primeape
58,Growlithe,Caninos,Fukano,Growlithe,Growlithe
59,Arcanine,Arcanin,Arkani,Arcanine,Arcanine
60,Poliwag,Ptitard,Quapsel,Poliwag,Poliwag
61,Poliwhirl,Têtarte,Quaputzi,Poliwhirl,Poliwhirl
62,Poliwrath,Tartard,Quappo,Poliwrath,Poliwrath
63,Abra,Abra,Abra,Abra,Abra
64,Kadabra,Kadabra,Kadabra,Kadabra,Kadabra
65,Alakazam,Alakazam,Simsala,Alakazam,Alakazam
66,Machop,Machoc,Machollo,Machop,Machop
67,Machoke,Machopeur,Maschock,Machoke,Machoke
68,Machamp,Mackogneur,Machomei,Machamp,Machamp
69,Bellsprout,Chétiflor,Knofensa,Bellsprout,Bellsprout
70,Weepinbell,Boustiflor,Ultrigaria,Weepinbell,Weepinbell
71,Victreebel,Empiflor,Sarzenia,Victreebel,Victreebel
72,Tentacool,Tentacool,Tentacha,Tentacool,Tentacool
73,Tentacruel,Tentacruel,Tentoxa,Tentacruel,Tentacruel
74,Geodude,Racaillou,Kleinstein,Geodude,Geodude
75,Graveler,Gravalanch,Georok,Graveler,Graveler
76,Golem,Grolem,Geowaz,Golem,Golem
77,Ponyta,Ponyta,Ponita,Ponyta,Ponyta
78,Rapidash,Galopa,Gallopa,Rapidash,Rapidash
79,Slowpoke,Ramoloss,Flegmon,Slowpoke,Slowpoke
80,Slowbro,Flagadoss,Lahmus,Slowbro,Slowbro
81,Magnemite,Magnéti,Magnetilo,Magnemite,Magnemite
82,Magneton,Magnéton,Magneton,Magneton,Magneton
83,Farfetch’d,Canarticho,Porenta,Farfetch’d,Farfetch’d
84,Doduo,Doduo,Dodu,Doduo,Doduo
85,Dodrio,Dodrio,Dodri,Dodrio,Dodrio
86,Seel,Otaria,Jurob,Seel,Seel
87,Dewgong,Lamantine,Jugong,Dewgong,Dewgong
88,Grimer,Tadmorv,Sleima,Grimer,Grimer
89,Muk,Grotadmorv,Sleimok,Muk,Muk
90,Shellder,Kokiyas,Muschas,Shellder,Shellder
91,Cloyster,Crustabri,Austos,Cloyster,Cloyster
92,Gastly,Fantominus,Nebulak,Gastly,Gastly
93,Haunter,Spectrum,Alpollo,Haunter,Haunter
94,Gengar,Ectoplasma,Gengar,Gengar,Gengar
95,Onix,Onix,Onix,Onix,Onix
96,Drowzee,Soporifik,Traumato,Drowzee,Drowzee
97,Hypno,Hypnomade,Hypno,Hypno,Hypno
98,Krabby,Krabby,Krabby,Krabby,Krabby
99,Kingler,Krabboss,Kingler,Kingler,Kingler
100,Voltorb,Voltorbe,Voltobal,Voltorb,Voltorb
101,Electrode,Électrode,Lektrobal,Electrode,Electrode
102,Exeggcute,Noeunoeuf,Owei,Exeggcute,Exeggcute
103,Exeggutor,Noadkoko,Kokowei,Exeggutor,Exeggutor
104,Cubone,Osselait,Tragosso,Cubone,Cubone
105,Marowak,Ossatueur,Knogga,Marowak,Marowak
106,Hitmonlee,Kicklee,Kicklee,Hitmonlee,Hitmonlee
107,Hitmonchan,Tygnon,Nockchan,Hitmonchan,Hitmonchan
108,Lickitung,Excelangue,Schlurp,Lickitung,Lickitung
109,Koffing,Smogo,Smogon,Koffing,Koffing
110,Weezing,Smogogo,Smogmog,Weezing,Weezing
111,Rhyhorn,Rhinocorne,Rihorn,Rhyhorn,Rhyhorn
112,Rhydon,Rhinoféros,Rizeros,Rhydon,Rhydon
113,Chansey,Leveinard,Chaneira,Chansey,Chansey
114,Tangela,Saquedeneu,Tangela,Tangela,Tangela
115,Kangaskhan,Kangourex,Kangama,Kangaskhan,Kangaskhan
116,Horsea,Hypotrempe,Seeper,Horsea,Horsea
117,Seadra,Hypocéan,Seemon,Seadra,Seadra
118,Goldeen,Poissirène,Goldini,Goldeen,Goldeen
119,Seaking,Poissoroy,Golking,Seaking,Seaking
120,Staryu,Stari,Sterndu,Staryu,Staryu
121,Starmie,Staross,Starmie,Starmie,Starmie
122,Mr. Mime,M. Mime,Pantimos,Mr. Mime,Mr. Mime
123,Scyther,Insécateur,Sichlor,Scyther,Scyther
124,Jynx,Lippoutou,Rossana,Jynx,Jynx
125,Electabuzz,Élektek,Elektek,Electabuzz,Electabuzz
126,Magmar,Magmar,Magmar,Magmar,Magmar
127,Pinsir,Scarabrute,Pinsir,Pinsir,Pinsir
128,Tauros,Tauros,Tauros,Tauros,Tauros
129,Magikarp,Magicarpe,Karpador,Magikarp,Magikarp
130,Gyarados,Léviator,Garados,Gyarados,Gyarados
131,Lapras,Lokhlass,Lapras,Lapras,Lapras
132,Ditto,Métamorph,Ditto,Ditto,Ditto
133,Eevee,Évoli,Evoli,Eevee,Eevee
134,Vaporeon,Aquali,Aquana,Vaporeon,Vaporeon
135,Jolteon,Voltali,Blitza,Jolteon,Jolteon
136,Flareon,Pyroli,Flamara,Flareon,Flareon
137,Porygon,Porygon,Porygon,Porygon,Porygon
138,Omanyte,Amonita,Amonitas,Omanyte,Omanyte
139,Omastar,Amonistar,Amoroso,Omastar,Omastar
140,Kabuto,Kabuto,Kabuto,Kabuto,Kabuto
141,Kabutops,Kabutops,Kabutops,Kabutops,Kabutops
142,Aerodactyl,Ptéra,Aerodactyl,Aerodactyl,Aerodactyl
143,Snorlax,Ronflex,Relaxo,Snorlax,Snorlax
144,Articuno,Artikodin,Arktos,Articuno,Articuno
145,Zapdos,Électhor,Zapdos,Zapdos,Zapdos
146,Moltres,Sulfura,Lavados,Moltres,Moltres
147,Dratini,Minidraco,Dratini,Dratini,Dratini
148,Dragonair,Draco,Dragonir,Dragonair,Dragonair
149,Dragonite,Dracolosse,Dragoran,Dragonite,Dragonite
150,Mewtwo,Mewtwo,Mewtu,Mewtwo,Mewtwo
151,Mew,Mew,Mew,Mew,Mew
152,Chikorita,Germignon,Endivie,Chikorita,Chikorita
153,Bayleef,Macronium,Lorblatt,Bayleef,Bayleef
154,Meganium,Méganium,Meganie,Meganium,Meganium
155,Cyndaquil,Héricendre,Feurigel,Cyndaquil,Cyndaquil
156,Quilava,Feurisson,Igelavar,Quilava,Quilava
157,Typhlosion,Typhlosion,Tornupto,Typhlosion,Typhlosion
158,Totodile,Kaiminus,Karnimani,Totodile,Totodile
159,Croconaw,Crocrodil,Tyracroc,Croconaw,Croconaw
160,Feraligatr,Aligatueur,Impergator,Feraligatr,Feraligatr
161,Sentret,Fouinette,Wiesor,Sentret,Sentret
162,Furret,Fouinar,Wiesenior,Furret,Furret
163,Hoothoot,Hoothoot,Hoothoot,Hoothoot,Hoothoot
164,Noctowl,Noarfang,Noctuh,Noctowl,Noctowl
165,Ledyba,Coxy,Ledyba,Ledyba,Ledyba
166,Ledian,Coxyclaque,Ledian,Ledian,Ledian
167,Spinarak,Mimigal,Webarak,Spinarak,Spinarak
168,Ariados,Migalos,Ariados,Ariados,Ariados
169,Crobat,Nostenfer,Iksbat,Crobat,Crobat
170,Chinchou,Loupio,Lampi,Chinchou,Chinchou
171,Lanturn,Lanturn,Lanturn,Lanturn,Lanturn
172,Pichu,Pichu,Pichu,Pichu,Pichu
173,Cleffa,Mélo,Pii,Cleffa,Cleffa
174,Igglybuff,Toudoudou,Fluffeluff,Igglybuff,Igglybuff
175,Togepi,Togepi,Togepi,Togepi,Togepi
176,Togetic,Togetic,Togetic,Togetic,Togetic
177,Natu,Natu,Natu,Natu,Natu
178,Xatu,Xatu,Xatu,Xatu,Xatu
179,Mareep,Wattouat,Voltilamm,Mareep,Mareep
180,Flaaffy,Lainergie,Waaty,Flaaffy,Flaaffy
181,Ampharos,Pharamp,Ampharos,Ampharos,Ampharos
182,Bellossom,Joliflor,Blubella,Bellossom,Bellossom
183,Marill,Marill,Marill,Marill,Marill
184,Azumarill,Azumarill,Azumarill,Azumarill,Azumarill
185,Sudowoodo,Simularbre,Mogelbaum,Sudowoodo,Sudowoodo
186,Politoed,Tarpaud,Quaxo,Politoed,Politoed
187,Hoppip,Granivol,Hoppspross,Hoppip,Hoppip
188,Skiploom,Floravol,Hubelupf,Skiploom,Skiploom
189,Jumpluff,Cotovol,Papungha,Jumpluff,Jumpluff
190,Aipom,Capumain,Griffel,Aipom,Aipom
191,Sunkern,Tournegrin,Sonnkern,Sunkern,Sunkern
192,Sunflora,Héliatronc,Sonnflora,Sunflora,Sunflora
193,Yanma,Yanma,Yanma,Yanma,Yanma
194,Wooper,Axoloto,Felino,Wooper,Wooper
195,Quagsire,Maraiste,Morlord,Quagsire,Quagsire
196,Espeon,Mentali,Psiana,Espeon,Espeon
197,Umbreon,Noctali,Nachtara,Umbreon,Umbreon
198,Murkrow,Cornèbre,Kramurx,Murkrow,Murkrow
199,Slowking,Roigada,Laschoking,Slowking,Slowking
200,Misdreavus,Feuforêve,Traunfugil,Misdreavus,Misdreavus
201,Unown,Zarbi,Icognito,Unown,Unown
202,Wobbuffet,Qulbutoké,Woingenau,Wobbuffet,Wobbuffet
203,Girafarig,Girafarig,Girafarig,Girafarig,Girafarig
204,Pineco,Pomdepik,Tannza,Pineco,Pineco
205,Forretress,Foretress,Forstellka,Forretress,Forretress
206,Dunsparce,Insolourdo,Dummisel,Dunsparce,Dunsparce
207,Gligar,Scorplane,Skorgla,Gligar,Gligar
208,Steelix,Steelix,Stahlos,Steelix,Steelix
209,Snubbull,Snubbull,Snubbull,Snubbull,Snubbull
210,Granbull,Granbull,Granbull,Granbull,Granbull
211,Qwilfish,Qwilfish,Baldorfish,Qwilfish,Qwilfish
212,Scizor,Cizayox,Scherox,Scizor,Scizor
213,Shuckle,Caratroc,Pottrott,Shuckle,Shuckle
214,Heracross,Scarhino,Skaraborn,Heracross,Heracross
215,Sneasel,Farfuret,Sniebel,Sneasel,Sneasel
216,Teddiursa,Teddiursa,Teddiursa,Teddiursa,Teddiursa
217,Ursaring,Ursaring,Ursaring,Ursaring,Ursaring
218,Slugma,Limagma,Schneckmag,Slugma,Slugma
219,Magcargo,Volcaropod,Magcargo,Magcargo,Magcargo
220,Swinub,Marcacrin,Quiekel,Swinub,Swinub
221,Piloswine,Cochignon,Keifel,Piloswine,Piloswine
222,Corsola,Corayon,Corasonn,Corsola,Corsola
223,Remoraid,Rémoraid,Remoraid,Remoraid,Remoraid
224,Octillery,Octillery,Octillery,Octillery,Octillery
225,Delibird,Cadoizo,Botogel,Delibird,Delibird
226,Mantine,Démanta,Mantax,Mantine,Mantine
227,Skarmory,Airmure,Panzaeron,Skarmory,Skarmory
228,Houndour,Malosse,Hunduster,Houndour,Houndour
229,Houndoom,Démolosse,Hundemon,Houndoom,Houndoom
230,Kingdra,Hyporoi,Seedraking,Kingdra,Kingdra
231,Phanpy,Phanpy,Phanpy,Phanpy,Phanpy
232,Donphan,Donphan,Donphan,Donphan,Donphan
233,Porygon2,Porygon2,Porygon2,Porygon2,Porygon2
234,Stantler,Cerfrousse,Damhirplex,Stantler,Stantler
235,Smeargle,Queulorior,Farbeagle,Smeargle,Smeargle
236,Tyrogue,Debugant,Rabauz,Tyrogue,Tyrogue
237,Hitmontop,Kapoera,Kapoera,Hitmontop,Hitmontop
238,Smoochum,Lippouti,Kussilla,Smoochum,Smoochum
239,Elekid,Élekid,Elekid,Elekid,Elekid
240,Magby,Magby,Magby,Magby,Magby
241,Miltank,Écrémeuh,Miltank,Miltank,Miltank
242,Blissey,Leuphorie,Heiteira,Blissey,Blissey
243,Raikou,Raikou,Raikou,Raikou,Raikou
244,Entei,Entei,Entei,Entei,Entei
245,Suicune,Suicune,Suicune,Suicune,Suicune
246,Larvitar,Embrylex,Larvitar,Larvitar,Larvitar
247,Pupitar,Ymphect,Pupitar,Pupitar,Pupitar
248,Tyranitar,Tyranocif,Despotar,Tyranitar,Tyranitar
249,Lugia,Lugia,Lugia,Lugia,Lugia
250,Ho-Oh,Ho-Oh,Ho-Oh,Ho-Oh,Ho-Oh
251,Celebi,Celebi,Celebi,Celebi,Celebi
252,Treecko,Arcko,Geckarbor,Treecko,Treecko
253,Grovyle,Massko,Reptain,Grovyle,Grovyle
254,Sceptile,Jungko,Gewaldro,Sceptile,Sceptile
255,Torchic,Poussifeu,Flemmli,Torchic,Torchic
256,Combusken,Galifeu,Jungglut,Combusken,Combusken
257,Blaziken,Braségali,Lohgock,Blaziken,Blaziken
258,Mudkip,Gobou,Hydropi,Mudkip,Mudkip
259,Marshtomp,Flobio,Moorabbel,Marshtomp,Marshtomp
260,Swampert,Laggron,Sumpex,Swampert,Swampert
261,Poochyena,Medhyèna,Fiffyen,Poochyena,Poochyena
262,Mightyena,Grahyèna,Magnayen,Mightyena,Mightyena
263,Zigzagoon,Zigzaton,Zigzachs,Zigzagoon,Zigzagoon
264,Linoone,Linéon,Geradaks,Linoone,Linoone
265,Wurmple,Chenipotte,Waumpel,Wurmple,Wurmple
266,Silcoon,Armulys,Schaloko,Silcoon,Silcoon
267,Beautifly,Charmillon,Papinella,Beautifly,Beautifly
268,Cascoon,Blindalys,Panekon,Cascoon,Cascoon
269,Dustox,Papinox,Pudox,Dustox,Dustox
270,Lotad,Nénupiot,Loturzel,Lotad,Lotad
271,Lombre,Lombre,Lombrero,Lombre,Lombre
272,Ludicolo,Ludicolo,Kappalores,Ludicolo,Ludicolo
273,Seedot,Grainipiot,Samurzel,Seedot,Seedot
274,Nuzleaf,Pifeuil,Blanas,Nuzleaf,Nuzleaf
275,Shiftry,Tengalice,Tengulist,Shiftry,Shiftry
276,Taillow,Nirondelle,Schwalbini,Taillow,Taillow
277,Swellow,Hélédelle,Schwalboss,Swellow,Swellow
278,Wingull,Goélise,Wingull,Wingull,Wingull
279,Pelipper,Bekipan,Pelipper,Pelipper,Pelipper
280,Ralts,Tarsal,Trasla,Ralts,Ralts
281,Kirlia,Kirlia,Kirlia,Kirlia,Kirlia
282,Gardevoir,Gardevoir,Guardevoir,Gardevoir,Gardevoir
283,Surskit,Arakdo,Gehweiher,Surskit,Surskit
284,Masquerain,Maskadra,Maskeregen,Masquerain,Masquerain
285,Shroomish,Balignon,Knilz,Shroomish,Shroomish
286,Breloom,Chapignon,Kapilz,Breloom,Breloom
287,Slakoth,Parecool,Bummelz,Slakoth,Slakoth
288,Vigoroth,Vigoroth,Muntier,Vigoroth,Vigoroth
289,Slaking,Monaflèmit,Letarking,Slaking,Slaking
290,Nincada,Ningale,Nincada,Nincada,Nincada
291,Ninjask,Ninjask,Ninjask,Ninjask,Ninjask
292,Shedinja,Munja,Ninjatom,Shedinja,Shedinja
293,Whismur,Chuchmur,Flurmel,Whismur,Whismur
294,Loudred,Ramboum,Krakeelo,Loudred,Loudred
295,Exploud,Brouhabam,Krawumms,Exploud,Exploud
296,Makuhita,Makuhita,Makuhita,Makuhita,Makuhita
297,Hariyama,Hariyama,Hariyama,Hariyama,Hariyama
298,Azurill,Azurill,Azurill,Azurill,Azurill
299,Nosepass,Tarinor,Nasgnet,Nosepass,Nosepass
300,Skitty,Skitty,Eneco,Skitty,Skitty
301,Delcatty,Delcatty,Enekoro,Delcatty,Delcatty
302,Sableye,Ténéfix,Zobiris,Sableye,Sableye
303,Mawile,Mysdibule,Flunkifer,Mawile,Mawile
304,Aron,Galekid,Stollunior,Aron,Aron
305,Lairon,Galegon,Stollrak,Lairon,Lairon
306,Aggron,Galeking,Stolloss,Aggron,Aggron
307,Meditite,Méditikka,Meditie,Meditite,Meditite
308,Medicham,Charmina,Meditalis,Medicham,Medicham
309,Electrike,Dynavolt,Frizelbliz,Electrike,Electrike
310,Manectric,Élecsprint,Voltenso,Manectric,Manectric
311,Plusle,Posipi,Plusle,Plusle,Plusle
312,Minun,Négapi,Minun,Minun,Minun
313,Volbeat,Muciole,Volbeat,Volbeat,Volbeat
314,Illumise,Lumivole,Illumise,Illumise,Illumise
315,Roselia,Rosélia,Roselia,Roselia,Roselia
316,Gulpin,Gloupti,Schluppuck,Gulpin,Gulpin
317,Swalot,Avaltout,Schlukwech,Swalot,Swalot
318,Carvanha,Carvanha,Kanivanha,Carvanha,Carvanha
319,Sharpedo,Sharpedo,Tohaido,Sharpedo,Sharpedo
320,Wailmer,Wailmer,Wailmer,Wailmer,Wailmer
321,Wailord,Wailord,Wailord,Wailord,Wailord
322,Numel,Chamallot,Camaub,Numel,Numel
323,Camerupt,Camérupt,Camerupt,Camerupt,Camerupt
324,Torkoal,Chartor,Qurtel,Torkoal,Torkoal
325,Spoink,Spoink,Spoink,Spoink,Spoink
326,Grumpig,Groret,Groink,Grumpig,Grumpig
327,Spinda,Spinda,Pandir,Spinda,Spinda
328,Trapinch,Kraknoix,Knacklion,Trapinch,Trapinch
329,Vibrava,Vibraninf,Vibrava,Vibrava,Vibrava
330,Flygon,Libégon,Libelldra,Flygon,Flygon
331,Cacnea,Cacnea,Tuska,Cacnea,Cacnea
332,Cacturne,Cacturne,Noktuska,Cacturne,Cacturne
333,Swablu,Tylton,Wablu,Swablu,Swablu
334,Altaria,Altaria,Altaria,Altaria,Altaria
335,Zangoose,Mangriff,Sengo,Zangoose,Zangoose
336,Seviper,Séviper,Vipitis,Seviper,Seviper
337,Lunatone,Séléroc,Lunastein,Lunatone,Lunatone
338,Solrock,Solaroc,Sonnfel,Solrock,Solrock
339,Barboach,Barloche,Schmerbe,Barboach,Barboach
340,Whiscash,Barbicha,Welsar,Whiscash,Whiscash
341,Corphish,Écrapince,Krebscorps,Corphish,Corphish
342,Crawdaunt,Colhomard,Krebutack,Crawdaunt,Crawdaunt
343,Baltoy,Balbuto,Puppance,Baltoy,Baltoy
344,Claydol,Kaorine,Lepumentas,Claydol,Claydol
345,Lileep,Lilia,Liliep,Lileep,Lileep
346,Cradily,Vacilys,Wielie,Cradily,Cradily
347,Anorith,Anorith,Anorith,Anorith,Anorith
348,Armaldo,Armaldo,Armaldo,Armaldo,Armaldo
349,Feebas,Barpau,Barschwa,Feebas,Feebas
350,Milotic,Milobellus,Milotic,Milotic,Milotic
351,Castform,Morphéo,Formeo,Castform,Castform
352,Kecleon,Kecleon,Kecleon,Kecleon,Kecleon
353,Shuppet,Polichombr,Shuppet,Shuppet,Shuppet
354,Banette,Branette,Banette,Banette,Banette
355,Duskull,Skelénox,Zwirrlicht,Duskull,Duskull
356,Dusclops,Téraclope,Zwirrklop,Dusclops,Dusclops
357,Tropius,Tropius,Tropius,Tropius,Tropius
358,Chimecho,Éoko,Palimpalim,Chimecho,Chimecho
359,Absol,Absol,Absol,Absol,Absol
360,Wynaut,Okéoké,Isso,Wynaut,Wynaut
361,Snorunt,Stalgamin,Schneppke,Snorunt,Snorunt
362,Glalie,Oniglali,Firnontor,Glalie,Glalie
363,Spheal,Obalie,Seemops,Spheal,Spheal
364,Sealeo,Phogleur,Seejong,Sealeo,Sealeo
365,Walrein,Kaimorse,Walraisa,Walrein,Walrein
366,Clamperl,Coquiperl,Perlu,Clamperl,Clamperl
367,Huntail,Serpang,Aalabyss,Huntail,Huntail
368,Gorebyss,Rosabyss,Saganabyss,Gorebyss,Gorebyss
369,Relicanth,Relicanth,Relicanth,Relicanth,Relicanth
370,Luvdisc,Lovdisc,Liebiskus,Luvdisc,Luvdisc
371,Bagon,Draby,Kindwurm,Bagon,Bagon
372,Shelgon,Drackhaus,Draschel,Shelgon,Shelgon
373,Salamence,Drattak,Brutalanda,Salamence,Salamence
374,Beldum,Terhal,Tanhel,Beldum,Beldum
375,Metang,Métang,Metang,Metang,Metang
376,Metagross,Métalosse,Metagross,Metagross,Metagross
377,Regirock,Regirock,Regirock,Regirock,Regirock
378,Regice,Regice,Regice,Regice,Regice
379,Registeel,Registeel,Registeel,Registeel,Registeel
380,Latias,Latias,Latias,Latias,Latias
381,Latios,Latios,Latios,Latios,Latios
382,Kyogre,Kyogre,Kyogre,Kyogre,Kyogre
383,Groudon,Groudon,Groudon,Groudon,Groudon
384,Rayquaza,Rayquaza,Rayquaza,Rayquaza,Rayquaza
385,Jirachi,Jirachi,Jirachi,Jirachi,Jirachi
386,Deoxys,Deoxys,Deoxys,Deoxys,Deoxys
387,Turtwig,Tortipouss,Chelast,Turtwig,Turtwig
388,Grotle,Boskara,Chelcarain,Grotle,Grotle
389,Torterra,Torterra,Chelterrar,Torterra,Torterra
390,Chimchar,Ouisticram,Panflam,Chimchar,Chimchar
391,Monferno,Chimpenfeu,Panpyro,Monferno,Monferno
392,Infernape,Simiabraz,Panferno,Infernape,Infernape
393,Piplup,Tiplouf,Plinfa,Piplup,Piplup
394,Prinplup,Prinplouf,Pliprin,Prinplup,Prinplup
395,Empoleon,Pingoléon,Impoleon,Empoleon,Empoleon
396,Starly,Étourmi,Staralili,Starly,Starly
397,Staravia,Étourvol,Staravia,Staravia,Staravia
398,Staraptor,Étouraptor,Staraptor,Staraptor,Staraptor
399,Bidoof,Keunotor,Bidiza,Bidoof,Bidoof
400,Bibarel,Castorno,Bidifas,Bibarel,Bibarel
401,Kricketot,Crikzik,Zirpurze,Kricketot,Kricketot
402,Kricketune,Mélokrik,Zirpeise,Kricketune,Kricketune
403,Shinx,Lixy,Sheinux,Shinx,Shinx
404,Luxio,Luxio,Luxio,Luxio,Luxio
405,Luxray,Luxray,Luxtra,Luxray,Luxray
406,Budew,Rozbouton,Knospi,Budew,Budew
407,Roserade,Roserade,Roserade,Roserade,Roserade
408,Cranidos,Kranidos,Koknodon,Cranidos,Cranidos
409,Rampardos,Charkos,Rameidon,Rampardos,Rampardos
410,Shieldon,Dinoclier,Schilterus,Shieldon,Shieldon
411,Bastiodon,Bastiodon,Bollterus,Bastiodon,Bastiodon
412,Burmy,Cheniti,Burmy,Burmy,Burmy
413,Wormadam,Cheniselle,Burmadame,Wormadam,Wormadam
414,Mothim,Papilord,Moterpel,Mothim,Mothim
415,Combee,Apitrini,Wadribie,Combee,Combee
416,Vespiquen,Apireine,Honweisel,Vespiquen,Vespiquen
417,Pachirisu,Pachirisu,Pachirisu,Pachirisu,Pachirisu
418,Buizel,Mustébouée,Bamelin,Buizel,Buizel
419,Floatzel,Mustéflott,Bojelin,Floatzel,Floatzel
420,Cherubi,Ceribou,Kikugi,Cherubi,Cherubi
421,Cherrim,Ceriflor,Kinoso,Cherrim,Cherrim
422,Shellos,Sancoki,Schalellos,Shellos,Shellos
423,Gastrodon,Tritosor,Gastrodon,Gastrodon,Gastrodon
424,Ambipom,Capidextre,Ambidiffel,Ambipom,Ambipom
425,Drifloon,Baudrive,Driftlon,Drifloon,Drifloon
426,Drifblim,Grodrive,Drifzepeli,Drifblim,Drifblim
427,Buneary,Laporeille,Haspiror,Buneary,Buneary
428,Lopunny,Lockpin,Schlapor,Lopunny,Lopunny
429,Mismagius,Magirêve,Traunmagil,Mismagius,Mismagius
430,Honchkrow,Corboss,Kramshef,Honchkrow,Honchkrow
431,Glameow,Chaglam,Charmian,Glameow,Glameow
432,Purugly,Chaffreux,Shnurgarst,Purugly,Purugly
433,Chingling,Korillon,Klingplim,Chingling,Chingling
434,Stunky,Moufouette,Skunkapuh,Stunky,Stunky
435,Skuntank,Moufflair,Skuntank,Skuntank,Skuntank
436,Bronzor,Archéomire,Bronzel,Bronzor,Bronzor
437,Bronzong,Archéodong,Bronzong,Bronzong,Bronzong
438,Bonsly,Manzaï,Mobai,Bonsly,Bonsly
439,Mime Jr.,Mime Jr.,Pantimimi,Mime Jr.,Mime Jr.
440,Happiny,Ptiravi,Wonneira,Happiny,Happiny
441,Chatot,Pijako,Plaudagei,Chatot,Chatot
442,Spiritomb,Spiritomb,Kryppuk,Spiritomb,Spiritomb
443,Gible,Griknot,Kaumalat,Gible,Gible
444,Gabite,Carmache,Knarksel,Gabite,Gabite
445,Garchomp,Carchacrok,Knakrack,Garchomp,Garchomp
446,Munchlax,Goinfrex,Mampfaxo,Munchlax,Munchlax
447,Riolu,Riolu,Riolu,Riolu,Riolu
448,Lucario,Lucario,Lucario,Lucario,Lucario
449,Hippopotas,Hippopotas,Hippopotas,Hippopotas,Hippopotas
450,Hippowdon,Hippodocus,Hippoterus,Hippowdon,Hippowdon
451,Skorupi,Rapion,Pionskora,Skorupi,Skorupi
452,Drapion,Drascore,Piondragi,Drapion,Drapion
453,Croagunk,Cradopaud,Glibunkel,Croagunk,Croagunk
454,Toxicroak,Coatox,Toxiquak,Toxicroak,Toxicroak
455,Carnivine,Vortente,Venuflibis,Carnivine,Carnivine
456,Finneon,Écayon,Finneon,Finneon,Finneon
457,Lumineon,Luminéon,Lumineon,Lumineon,Lumineon
458,Mantyke,Babimanta,Mantirps,Mantyke,Mantyke
459,Snover,Blizzi,Shnebedeck,Snover,Snover
460,Abomasnow,Blizzaroi,Rexblisar,Abomasnow,Abomasnow
461,Weavile,Dimoret,Snibunna,Weavile,Weavile
462,Magnezone,Magnézone,Magnezone,Magnezone,Magnezone
463,Lickilicky,Coudlangue,Schlurplek,Lickilicky,Lickilicky
464,Rhyperior,Rhinastoc,Rihornior,Rhyperior,Rhyperior
465,Tangrowth,Bouldeneu,Tangoloss,Tangrowth,Tangrowth
466,Electivire,Élekable,Elevoltek,Electivire,Electivire
467,Magmortar,Maganon,Magbrant,Magmortar,Magmortar
468,Togekiss,Togekiss,Togekiss,Togekiss,Togekiss
469,Yanmega,Yanmega,Yanmega,Yanmega,Yanmega
470,Leafeon,Phyllali,Folipurba,Leafeon,Leafeon
471,Glaceon,Givrali,Glaziola,Glaceon,Glaceon
472,Gliscor,Scorvol,Skorgro,Gliscor,Gliscor
473,Mamoswine,Mammochon,Mamutel,Mamoswine,Mamoswine
474,Porygon-Z,Porygon-Z,Porygon-Z,Porygon-Z,Porygon-Z
475,Gallade,Gallame,Galagladi,Gallade,Gallade
476,Probopass,Tarinorme,Voluminas,Probopass,Probopass
477,Dusknoir,Noctunoir,Zwirrfinst,Dusknoir,Dusknoir
478,Froslass,Momartik,Frosdedje,Froslass,Froslass
479,Rotom,Motisma,Rotom,Rotom,Rotom
480,Uxie,Créhelf,Selfe,Uxie,Uxie
481,Mesprit,Créfollet,Vesprit,Mesprit,Mesprit
482,Azelf,Créfadet,Tobutz,Azelf,Azelf
483,Dialga,Dialga,Dialga,Dialga,Dialga
484,Palkia,Palkia,Palkia,Palkia,Palkia
485,Heatran,Heatran,Heatran,Heatran,Heatran
486,Regigigas,Regigigas,Regigigas,Regigigas,Regigigas
487,Giratina,Giratina,Giratina,Giratina,Giratina
488,Cresselia,Cresselia,Cresselia,Cresselia,Cresselia
489,Phione,Phione,Phione,Phione,Phione
490,Manaphy,Manaphy,Manaphy,Manaphy,Manaphy
491,Darkrai,Darkrai,Darkrai,Darkrai,Darkrai
492,Shaymin,Shaymin,Shaymin,Shaymin,Shaymin
493,Arceus,Arceus,Arceus,Arceus,Arceus
494,Victini,Victini,Victini,Victini,Victini
495,Snivy,Vipélierre,Serpifeu,Snivy,Snivy
496,Servine,Lianaja,Efoserp,Servine,Servine
497,Serperior,Majaspic,Serpiroyal,Serperior,Serperior
498,Tepig,Gruikui,Floink,Tepig,Tepig
499,Pignite,Grotichon,Ferkokel,Pignite,Pignite
500,Emboar,Roitiflam,Flambirex,Emboar,Emboar
501,Oshawott,Moustillon,Ottaro,Oshawott,Oshawott
502,Dewott,Mateloutre,Zwottronin,Dewott,Dewott
503,Samurott,Clamiral,Admurai,Samurott,Samurott
504,Patrat,Ratentif,Nagelotz,Patrat,Patrat
505,Watchog,Miradar,Kukmarda,Watchog,Watchog
506,Lillipup,Ponchiot,Yorkleff,Lillipup,Lillipup
507,Herdier,Ponchien,Terribark,Herdier,Herdier
508,Stoutland,Mastouffe,Bissbark,Stoutland,Stoutland
509,Purrloin,Chacripan,Felilou,Purrloin,Purrloin
510,Liepard,Léopardus,Kleoparda,Liepard,Liepard
511,Pansage,Feuillajou,Vegimak,Pansage,Pansage
512,Simisage,Feuiloutan,Vegichita,Simisage,Simisage
513,Pansear,Flamajou,Grillmak,Pansear,Pansear
514,Simisear,Flamoutan,Grillchita,Simisear,Simisear
515,Panpour,Flotajou,Sodamak,Panpour,Panpour
516,Simipour,Flotoutan,Sodachita,Simipour,Simipour
517,Munna,Munna,Somniam,Munna,Munna
518,Musharna,Mushana,Somnivora,Musharna,Musharna
519,Pidove,Poichigeon,Dusselgurr,Pidove,Pidove
520,Tranquill,Colombeau,Navitaub,Tranquill,Tranquill
521,Unfezant,Déflaisan,Fasasnob,Unfezant,Unfezant
522,Blitzle,Zébibron,Elezeba,Blitzle,Blitzle
523,Zebstrika,Zéblitz,Zebritz,Zebstrika,Zebstrika
524,Roggenrola,Nodulithe,Kiesling,Roggenrola,Roggenrola
525,Boldore,Géolithe,Sedimantur,Boldore,Boldore
526,Gigalith,Gigalithe,Brockoloss,Gigalith,Gigalith
527,Woobat,Chovsourir,Fleknoil,Woobat,Woobat
528,Swoobat,Rhinolove,Fletiamo,Swoobat,Swoobat
529,Drilbur,Rototaupe,Rotomurf,Drilbur,Drilbur
530,Excadrill,Minotaupe,Stalobor,Excadrill,Excadrill
531,Audino,Nanméouïe,Ohrdoch,Audino,Audino
532,Timburr,Charpenti,Praktibalk,Timburr,Timburr
533,Gurdurr,Ouvrifier,Strepoli,Gurdurr,Gurdurr
534,Conkeldurr,Bétochef,Meistagrif,Conkeldurr,Conkeldurr
535,Tympole,Tritonde,Schallquap,Tympole,Tympole
536,Palpitoad,Batracné,Mebrana,Palpitoad,Palpitoad
537,Seismitoad,Crapustule,Branawarz,Seismitoad,Seismitoad
538,Throh,Judokrak,Jiutesto,Throh,Throh
539,Sawk,Karaclée,Karadonis,Sawk,Sawk
540,Sewaddle,Larveyette,Strawickl,Sewaddle,Sewaddle
541,Swadloon,Couverdure,Folikon,Swadloon,Swadloon
542,Leavanny,Manternel,Matrifol,Leavanny,Leavanny
543,Venipede,Venipatte,Toxiped,Venipede,Venipede
544,Whirlipede,Scobolide,Rollum,Whirlipede,Whirlipede
545,Scolipede,Brutapode,Cerapendra,Scolipede,Scolipede
546,Cottonee,Doudouvet,Waumboll,Cottonee,Cottonee
547,Whimsicott,Farfaduvet,Elfun,Whimsicott,Whimsicott
548,Petilil,Chlorobule,Lilminip,Petilil,Petilil
549,Lilligant,Fragilady,Dressella,Lilligant,Lilligant
550,Basculin,Bargantua,Barschuft,Basculin,Basculin
551,Sandile,Mascaïman,Ganovil,Sandile,Sandile
552,Krokorok,Escroco,Rokkaiman,Krokorok,Krokorok
553,Krookodile,Crocorible,Rabigator,Krookodile,Krookodile
554,Darumaka,Darumarond,Flampion,Darumaka,Darumaka
555,Darmanitan,Darumacho,Flampivian,Darmanitan,Darmanitan
556,Maractus,Maracachi,Maracamba,Maractus,Maractus
557,Dwebble,Crabicoque,Lithomith,Dwebble,Dwebble
558,Crustle,Crabaraque,Castellith,Crustle,Crustle
559,Scraggy,Baggiguane,Zurrokex,Scraggy,Scraggy
560,Scrafty,Baggaïd,Irokex,Scrafty,Scrafty
561,Sigilyph,Cryptéro,Symvolara,Sigilyph,Sigilyph
562,Yamask,Tutafeh,Makabaja,Yamask,Yamask
563,Cofagrigus,Tutankafer,Echnatoll,Cofagrigus,Cofagrigus
564,Tirtouga,Carapagos,Galapaflos,Tirtouga,Tirtouga
565,Carracosta,Mégapagos,Karippas,Carracosta,Carracosta
566,Archen,Arkéapti,Flapteryx,Archen,Archen
567,Archeops,Aéroptéryx,Aeropteryx,Archeops,Archeops
568,Trubbish,Miamiasme,Unratütox,Trubbish,Trubbish
569,Garbodor,Miasmax,Deponitox,Garbodor,Garbodor
570,Zorua,Zorua,Zorua,Zorua,Zorua
571,Zoroark,Zoroark,Zoroark,Zoroark,Zoroark
572,Minccino,Chinchidou,Picochilla,Minccino,Minccino
573,Cinccino,Pashmilla,Chillabell,Cinccino,Cinccino
574,Gothita,Scrutella,Mollimorba,Gothita,Gothita
575,Gothorita,Mesmérella,Hypnomorba,Gothorita,Gothorita
576,Gothitelle,Sidérella,Morbitesse,Gothitelle,Gothitelle
577,Solosis,Nucléos,Monozyto,Solosis,Solosis
578,Duosion,Méios,Mitodos,Duosion,Duosion
579,Reuniclus,Symbios,Zytomega,Reuniclus,Reuniclus
580,Ducklett,Couaneton,Piccolente,Ducklett,Ducklett
581,Swanna,Lakmécygne,Swaroness,Swanna,Swanna
582,Vanillite,Sorbébé,Gelatini,Vanillite,Vanillite
583,Vanillish,Sorboul,Gelatroppo,Vanillish,Vanillish
584,Vanilluxe,Sorbouboul,Gelatwino,Vanilluxe,Vanilluxe
585,Deerling,Vivaldaim,Sesokitz,Deerling,Deerling
586,Sawsbuck,Haydaim,Kronjuwild,Sawsbuck,Sawsbuck
587,Emolga,Emolga,Emolga,Emolga,Emolga
588,Karrablast,Carabing,Laukaps,Karrablast,Karrablast
589,Escavalier,Lançargot,Cavalanzas,Escavalier,Escavalier
590,Foongus,Trompignon,Tarnpignon,Foongus,Foongus
591,Amoonguss,Gaulet,Hutsassa,Amoonguss,Amoonguss
592,Frillish,Viskuse,Quabbel,Frillish,Frillish
593,Jellicent,Moyade,Apoquallyp,Jellicent,Jellicent
594,Alomomola,Mamanbo,Mamolida,Alomomola,Alomomola
595,Joltik,Statitik,Wattzapf,Joltik,Joltik
596,Galvantula,Mygavolt,Voltula,Galvantula,Galvantula
597,Ferroseed,Grindur,Kastadur,Ferroseed,Ferroseed
598,Ferrothorn,Noacier,Tentantel,Ferrothorn,Ferrothorn
599,Klink,Tic,Klikk,Klink,Klink
600,Klang,Clic,Kliklak,Klang,Klang
601,Klinklang,Cliticlic,Klikdiklak,Klinklang,Klinklang
602,Tynamo,Anchwatt,Zapplardin,Tynamo,Tynamo
603,Eelektrik,Lampéroie,Zapplalek,Eelektrik,Eelektrik
604,Eelektross,Ohmassacre,Zapplarang,Eelektross,Eelektross
605,Elgyem,Lewsor,Pygraulon,Elgyem,Elgyem
606,Beheeyem,Neitram,Megalon,Beheeyem,Beheeyem
607,Litwick,Funécire,Lichtel,Litwick,Litwick
608,Lampent,Mélancolux,Laternecto,Lampent,Lampent
609,Chandelure,Lugulabre,Skelabra,Chandelure,Chandelure
610,Axew,Coupenotte,Milza,Axew,Axew
611,Fraxure,Incisache,Sharfax,Fraxure,Fraxure
612,Haxorus,Tranchodon,Maxax,Haxorus,Haxorus
613,Cubchoo,Polarhume,Petznief,Cubchoo,Cubchoo
614,Beartic,Polagriffe,Siberio,Beartic,Beartic
615,Cryogonal,Hexagel,Frigometri,Cryogonal,Cryogonal
616,Shelmet,Escargaume,Schnuthelm,Shelmet,Shelmet
617,Accelgor,Limaspeed,Hydragil,Accelgor,Accelgor
618,Stunfisk,Limonde,Flunschlik,Stunfisk,Stunfisk
619,Mienfoo,Kungfouine,Lin-Fu,Mienfoo,Mienfoo
620,Mienshao,Shaofouine,Wie-Shu,Mienshao,Mienshao
621,Druddigon,Drakkarmin,Shardrago,Druddigon,Druddigon
622,Golett,Gringolem,Golbit,Golett,Golett
623,Golurk,Golemastoc,Golgantes,Golurk,Golurk
624,Pawniard,Scalpion,Gladiantri,Pawniard,Pawniard
625,Bisharp,Scalproie,Caesurio,Bisharp,Bisharp
626,Bouffalant,Frison,Bisofank,Bouffalant,Bouffalant
627,Rufflet,Furaiglon,Geronimatz,Rufflet,Rufflet
628,Braviary,Gueriaigle,Washakwil,Braviary,Braviary
629,Vullaby,Vostourno,Skallyk,Vullaby,Vullaby
630,Mandibuzz,Vaututrice,Grypheldis,Mandibuzz,Mandibuzz
631,Heatmor,Aflamanoir,Furnifraß,Heatmor,Heatmor
632,Durant,Fermite,Fermicula,Durant,Durant
633,Deino,Solochi,Kapuno,Deino,Deino
634,Zweilous,Diamat,Duodino,Zweilous,Zweilous
635,Hydreigon,Trioxhydre,Trikephalo,Hydreigon,Hydreigon
636,Larvesta,Pyronille,Ignivor,Larvesta,Larvesta
637,Volcarona,Pyrax,Ramoth,Volcarona,Volcarona
638,Cobalion,Cobaltium,Kobalium,Cobalion,Cobalion
639,Terrakion,Terrakium,Terrakium,Terrakion,Terrakion
640,Virizion,Viridium,Viridium,Virizion,Virizion
641,Tornadus,Boréas,Boreos,Tornadus,Tornadus
642,Thundurus,Fulguris,Voltolos,Thundurus,Thundurus
643,Reshiram,Reshiram,Reshiram,Reshiram,Reshiram
644,Zekrom,Zekrom,Zekrom,Zekrom,Zekrom
645,Landorus,Démétéros,Demeteros,Landorus,Landorus
646,Kyurem,Kyurem,Kyurem,Kyurem,Kyurem
647,Keldeo,Keldeo,Keldeo,Keldeo,Keldeo
648,Meloetta,Meloetta,Meloetta,Meloetta,Meloetta
649,Genesect,Genesect,Genesect,Genesect,Genesect
650,Chespin,Marisson,Igamaro,Chespin,Chespin
651,Quilladin,Boguérisse,Igastarnish,Quilladin,Quilladin
652,Chesnaught,Blindépique,Brigaron,Chesnaught,Chesnaught
653,Fennekin,Feunnec,Fynx,Fennekin,Fennekin
654,Braixen,Roussil,Rutena,Braixen,Braixen
655,Delphox,Goupelin,Fennexis,Delphox,Delphox
656,Froakie,Grenousse,Froxy,Froakie,Froakie
657,Frogadier,Croâporal,Amphizel,Frogadier,Frogadier
658,Greninja,Amphinobi,Quajutsu,Greninja,Greninja
659,Bunnelby,Sapereau,Scoppel,Bunnelby,Bunnelby
660,Diggersby,Excavarenne,Grebbit,Diggersby,Diggersby
661,Fletchling,Passerouge,Dartiri,Fletchling,Fletchling
662,Fletchinder,Braisillon,Dartignis,Fletchinder,Fletchinder
663,Talonflame,Flambusard,Fiaro,Talonflame,Talonflame
664,Scatterbug,Lépidonille,Purmel,Scatterbug,Scatterbug
665,Spewpa,Pérégrain,Puponcho,Spewpa,Spewpa
666,Vivillon,Prismillon,Vivillon,Vivillon,Vivillon
667,Litleo,Hélionceau,Leufeo,Litleo,Litleo
668,Pyroar,Némélios,Pyroleo,Pyroar,Pyroar
669,Flabébé,Flabébé,Flabébé,Flabébé,Flabébé
670,Floette,Floette,Floette,Floette,Floette
671,Florges,Florges,Florges,Florges,Florges
672,Skiddo,Cabriolaine,Mähikel,Skiddo,Skiddo
673,Gogoat,Chevroum,Chevrumm,Gogoat,Gogoat
674,Pancham,Pandespiègle,Pam-Pam,Pancham,Pancham
675,Pangoro,Pandarbare,Pandagro,Pangoro,Pangoro
676,Furfrou,Couafarel,Coiffwaff,Furfrou,Furfrou
677,Espurr,Psystigri,Psiau,Espurr,Espurr
678,Meowstic,Mistigrix,Psiaugon,Meowstic,Meowstic
679,Honedge,Monorpale,Gramokles,Honedge,Honedge
680,Doublade,Dimoclès,Duokles,Doublade,Doublade
681,Aegislash,Exagide,Durengard,Aegislash,Aegislash
682,Spritzee,Fluvetin,Parfi,Spritzee,Spritzee
683,Aromatisse,Cocotine,Parfinesse,Aromatisse,Aromatisse
684,Swirlix,Sucroquin,Flauschling,Swirlix,Swirlix
685,Slurpuff,Cupcanaille,Sabbaione,Slurpuff,Slurpuff
686,Inkay,Sepiatop,Iscalar,Inkay,Inkay
687,Malamar,Sepiatroce,Calamanero,Malamar,Malamar
688,Binacle,Opermine,Bithora,Binacle,Binacle
689,Barbaracle,Golgopathe,Thanathora,Barbaracle,Barbaracle
690,Skrelp,Venalgue,Algitt,Skrelp,Skrelp
691,Dragalge,Kravarech,Tandrak,Dragalge,Dragalge
692,Clauncher,Flingouste,Scampisto,Clauncher,Clauncher
693,Clawitzer,Gamblast,Wummer,Clawitzer,Clawitzer
694,Helioptile,Galvaran,Eguana,Helioptile,Helioptile
695,Heliolisk,Iguolta,Elezard,Heliolisk,Heliolisk
696,Tyrunt,Ptyranidur,Balgoras,Tyrunt,Tyrunt
697,Tyrantrum,Rexillius,Monargoras,Tyrantrum,Tyrantrum
698,Amaura,Amagara,Amarino,Amaura,Amaura
699,Aurorus,Dragmara,Amagarga,Aurorus,Aurorus
700,Sylveon,Nymphali,Feelinara,Sylveon,Sylveon
701,Hawlucha,Brutalibré,Resladero,Hawlucha,Hawlucha
702,Dedenne,Dedenne,Dedenne,Dedenne,Dedenne
703,Carbink,Strassie,Rocara,Carbink,Carbink
704,Goomy,Mucuscule,Viscora,Goomy,Goomy
705,Sliggoo,Colimucus,Viscargot,Sliggoo,Sliggoo
706,Goodra,Muplodocus,Viscogon,Goodra,Goodra
707,Klefki,Trousselin,Clavion,Klefki,Klefki
708,Phantump,Brocélôme,Paragoni,Phantump,Phantump
709,Trevenant,Desséliande,Trombork,Trevenant,Trevenant
710,Pumpkaboo,Pitrouille,Irrbis,Pumpkaboo,Pumpkaboo
711,Gourgeist,Banshitrouye,Pumpdjinn,Gourgeist,Gourgeist
712,Bergmite,Grelaçon,Arktip,Bergmite,Bergmite
713,Avalugg,Séracrawl,Arktilas,Avalugg,Avalugg
714,Noibat,Sonistrelle,eF-eM,Noibat,Noibat
715,Noivern,Bruyverne,UHaFnir,Noivern,Noivern
716,Xerneas,Xerneas,Xerneas,Xerneas,Xerneas
717,Yveltal,Yveltal,Yveltal,Yveltal,Yveltal
718,Zygarde,Zygarde,Zygarde,Zygarde,Zygarde
719,Diancie,Diancie,Diancie,Diancie,Diancie
720,Hoopa,Hoopa,Hoopa,Hoopa,Hoopa
721,Volcanion,Volcanion,Volcanion,Volcanion,Volcanion
722,Rowlet,Brindibou,Bauz,Rowlet,Rowlet
723,Dartrix,Efflèche,Arboretoss,Dartrix,Dartrix
724,Decidueye,Archéduc,Silvarro,Decidueye,Decidueye
725,Litten,Flamiaou,Flamiau,Litten,Litten
726,Torracat,Matoufeu,Miezunder,Torracat,Torracat
727,Incineroar,Félinferno,Fuegro,Incineroar,Incineroar
728,Popplio,Otaquin,Robball,Popplio,Popplio
729,Brionne,Otarlette,Marikeck,Brionne,Brionne
730,Primarina,Oratoria,Primarene,Primarina,Primarina
731,Pikipek,Picassaut,Peppeck,Pikipek,Pikipek
732,Trumbeak,Piclairon,Trompeck,Trumbeak,Trumbeak
733,Toucannon,Bazoucan,Tukanon,Toucannon,Toucannon
734,Yungoos,Manglouton,Mangunior,Yungoos,Yungoos
735,Gumshoos,Argouste,Manguspektor,Gumshoos,Gumshoos
736,Grubbin,Larvibule,Mabula,Grubbin,Grubbin
737,Charjabug,Chrysapile,Akkup,Charjabug,Charjabug
738,Vikavolt,Lucanon,Donarion,Vikavolt,Vikavolt
739,Crabrawler,Crabagarre,Krabbox,Crabrawler,Crabrawler
740,Crabominable,Crabominable,Krawell,Crabominable,Crabominable
741,Oricorio,Plumeline,Choreogel,Oricorio,Oricorio
742,Cutiefly,Bombydou,Wommel,Cutiefly,Cutiefly
743,Ribombee,Rubombelle,Bandelby,Ribombee,Ribombee
744,Rockruff,Rocabot,Wuffels,Rockruff,Rockruff
745,Lycanroc,Lougaroc,Wolwerock,Lycanroc,Lycanroc
746,Wishiwashi,Froussardine,Lusardin,Wishiwashi,Wishiwashi
747,Mareanie,Vorastérie,Garstella,Mareanie,Mareanie
748,Toxapex,Prédastérie,Aggrostella,Toxapex,Toxapex
749,Mudbray,Tiboudet,Pampuli,Mudbray,Mudbray
750,Mudsdale,Bourrinos,Pampross,Mudsdale,Mudsdale
751,Dewpider,Araqua,Araqua,Dewpider,Dewpider
752,Araquanid,Tarenbulle,Aranestro,Araquanid,Araquanid
753,Fomantis,Mimantis,Imantis,Fomantis,Fomantis
754,Lurantis,Floramantis,Mantidea,Lurantis,Lurantis
755,Morelull,Spododo,Bubungus,Morelull,Morelull
756,Shiinotic,Lampignon,Lamellux,Shiinotic,Shiinotic
757,Salandit,Tritox,Molunk,Salandit,Salandit
758,Salazzle,Malamandre,Amfira,Salazzle,Salazzle
759,Stufful,Nounourson,Velursi,Stufful,Stufful
760,Bewear,Chelours,Kosturso,Bewear,Bewear
761,Bounsweet,Croquine,Frubberl,Bounsweet,Bounsweet
762,Steenee,Candine,Frubaila,Steenee,Steenee
763,Tsareena,Sucreine,Fruyal,Tsareena,Tsareena
764,Comfey,Guérilande,Curelei,Comfey,Comfey
765,Oranguru,Gouroutan,Kommandutan,Oranguru,Oranguru
766,Passimian,Quartermac,Quartermak,Passimian,Passimian
767,Wimpod,Sovkipou,Reißlaus,Wimpod,Wimpod
768,Golisopod,Sarmuraï,Tectass,Golisopod,Golisopod
769,Sandygast,Bacabouh,Sankabuh,Sandygast,Sandygast
770,Palossand,Trépassable,Colossand,Palossand,Palossand
771,Pyukumuku,Concombaffe,Gufa,Pyukumuku,Pyukumuku
772,Type: Null,Type:0,Typ:Null,Código Cero,Tipo Zero
773,Silvally,Silvallié,Amigento,Silvally,Silvally
774,Minior,Météno,Meteno,Minior,Minior
775,Komala,Dodoala,Koalelu,Komala,Komala
776,Turtonator,Boumata,Tortunator,Turtonator,Turtonator
777,Togedemaru,Togedemaru,Togedemaru,Togedemaru,Togedemaru
778,Mimikyu,Mimiqui,Mimigma,Mimikyu,Mimikyu
779,Bruxish,Denticrisse,Knirfish,Bruxish,Bruxish
780,Drampa,Draïeul,Sen-Long,Drampa,Drampa
781,Dhelmise,Sinistrail,Moruda,Dhelmise,Dhelmise
782,Jangmo-o,Bébécaille,Miniras,Jangmo-o,Jangmo-o
783,Hakamo-o,Écaïd,Mediras,Hakamo-o,Hakamo-o
784,Kommo-o,Ékaïser,Grandiras,Kommo-o,Kommo-o
785,Tapu Koko,Tokorico,Kapu-Riki,Tapu Koko,Tapu Koko
786,Tapu Lele,Tokopiyon,Kapu-Fala,Tapu Lele,Tapu Lele
787,Tapu Bulu,Tokotoro,Kapu-Toro,Tapu Bulu,Tapu Bulu
788,Tapu Fini,Tokopisco,Kapu-Kime,Tapu Fini,Tapu Fini
789,Cosmog,Cosmog,Cosmog,Cosmog,Cosmog
790,Cosmoem,Cosmovum,Cosmovum,Cosmoem,Cosmoem
791,Solgaleo,Solgaleo,Solgaleo,Solgaleo,Solgaleo
792,Lunala,Lunala,Lunala,Lunala,Lunala
793,Nihilego,Zéroïd,Anego,Nihilego,Nihilego
794,Buzzwole,Mouscoto,Masskito,Buzzwole,Buzzwole
795,Pheromosa,Cancrelove,Schabelle,Pheromosa,Pheromosa
796,Xurkitree,Câblifère,Voltriant,Xurkitree,Xurkitree
797,Celesteela,Bamboiselle,Kaguron,Celesteela,Celesteela
798,Kartana,Katagami,Katagami,Kartana,Kartana
799,Guzzlord,Engloutyran,Schlingking,Guzzlord,Guzzlord
800,Necrozma,Necrozma,Necrozma,Necrozma,Necrozma
801,Magearna,Magearna,Magearna,Magearna,Magearna
802,Marshadow,Marshadow,Marshadow,Marshadow,Marshadow
803,Poipole,Vémini,Venicro,Poipole,Poipole
804,Naganadel,Mandrillon,Agoyon,Naganadel,Naganadel
805,Stakataka,Ama-Ama,Muramura,Stakataka,Stakataka
806,Blacephalon,Pierroteknik,Kopplosio,Blacephalon,Blacephalon
807,Zeraora,Zeraora,Zeraora,Zeraora,Zeraora
808,Meltan,Meltan,Meltan,Meltan,Meltan
809,Melmetal,Melmetal,Melmetal,Melmetal,Melmetal
810,Grookey,Ouistempo,Chimpep,Grookey,Grookey
811,Thwackey,Badabouin,Chimstix,Thwackey,Thwackey
812,Rillaboom,Gorythmic,Gortrom,Rillaboom,Rillaboom
813,Scorbunny,Flambino,Hopplo,Scorbunny,Scorbunny
814,Raboot,Lapyro,Kickerlo,Raboot,Raboot
815,Cinderace,Pyrobut,Liberlo,Cinderace,Cinderace
816,Sobble,Larméléon,Memmeon,Sobble,Sobble
817,Drizzile,Arrozard,Phlegleon,Drizzile,Drizzile
818,Inteleon,Lézargus,Intelleon,Inteleon,Inteleon
819,Skwovet,Rongourmand,Raffel,Skwovet,Skwovet
820,Greedent,Rongrigou,Schlaraffel,Greedent,Greedent
821,Rookidee,Minisange,Meikro,Rookidee,Rookidee
822,Corvisquire,Bleuseille,Kranoviz,Corvisquire,Corvisquire
823,Corviknight,Corvaillus,Krarmor,Corviknight,Corviknight
824,Blipbug,Larvadar,Sensect,Blipbug,Blipbug
825,Dottler,Coléodôme,Keradar,Dottler,Dottler
826,Orbeetle,Astronelle,Maritellit,Orbeetle,Orbeetle
827,Nickit,Goupilou,Kleptifux,Nickit,Nickit
828,Thievul,Roublenard,Gaunux,Thievul,Thievul
829,Gossifleur,Tournicoton,Cottini,Gossifleur,Gossifleur
830,Eldegoss,Blancoton,Cottomi,Eldegoss,Eldegoss
831,Wooloo,Moumouton,Wolly,Wooloo,Wooloo
832,Dubwool,Moumouflon,Zwollock,Dubwool,Dubwool
833,Chewtle,Khélocrok,Kamehaps,Chewtle,Chewtle
834,Drednaw,Torgamord,Kamalm,Drednaw,Drednaw
835,Yamper,Voltoutou,Voldi,Yamper,Yamper
836,Boltund,Fulgudog,Bellektro,Boltund,Boltund
837,Rolycoly,Charbi,Klonkett,Rolycoly,Rolycoly
838,Carkol,Wagomine,Wagong,Carkol,Carkol
839,Coalossal,Monthracite,Montecarbo,Coalossal,Coalossal
840,Applin,Verpom,Knapfel,Applin,Applin
841,Flapple,Pomdrapi,Drapfel,Flapple,Flapple
842,Appletun,Dratatin,Schlapfel,Appletun,Appletun
843,Silicobra,Dunaja,Salanga,Silicobra,Silicobra
844,Sandaconda,Dunaconda,Sanaconda,Sandaconda,Sandaconda
845,Cramorant,Nigosier,Urgl,Cramorant,Cramorant
846,Arrokuda,Embrochet,Pikuda,Arrokuda,Arrokuda
847,Barraskewda,Hastacuda,Barrakiefa,Barraskewda,Barraskewda
848,Toxel,Toxizap,Toxel,Toxel,Toxel
849,Toxtricity,Salarsen,Riffex,Toxtricity,Toxtricity
850,Sizzlipede,Grillepattes,Thermopod,Sizzlipede,Sizzlipede
851,Centiskorch,Scolocendre,Infernopod,Centiskorch,Centiskorch
852,Clobbopus,Poulpaf,Klopptopus,Clobbopus,Clobbopus
853,Grapploct,Krakos,Kaocto,Grapploct,Grapploct
854,Sinistea,Théffroi,Fatalitee,Sinistea,Sinistea
855,Polteageist,Polthégeist,Mortipot,Polteageist,Polteageist
856,Hatenna,Bibichut,Brimova,Hatenna,Hatenna
857,Hattrem,Chapotus,Brimano,Hattrem,Hattrem
858,Hatterene,Sorcilence,Silembrim,Hatterene,Hatterene
859,Impidimp,Grimalin,Bähmon,Impidimp,Impidimp
860,Morgrem,Fourbelin,Pelzebub,Morgrem,Morgrem
861,Grimmsnarl,Angoliath,Olangaar,Grimmsnarl,Grimmsnarl
862,Obstagoon,Ixon,Barrikadax,Obstagoon,Obstagoon
863,Perrserker,Berserkatt,Mauzinger,Perrserker,Perrserker
864,Cursola,Corayôme,Gorgasonn,Cursola,Cursola
865,Sirfetch’d,Palarticho,Lauchzelot,Sirfetch’d,Sirfetch’d
866,Mr. Rime,M. Glaquette,Pantifrost,Mr. Rime,Mr. Rime
867,Runerigus,Tutétékri,Oghnatoll,Runerigus,Runerigus
868,Milcery,Crèmy,Hokumil,Milcery,Milcery
869,Alcremie,Charmilly,Pokusan,Alcremie,Alcremie
870,Falinks,Hexadron,Legios,Falinks,Falinks
871,Pincurchin,Wattapik,Britzigel,Pincurchin,Pincurchin
872,Snom,Frissonille,Snomnom,Snom,Snom
873,Frosmoth,Beldeneige,Mottineva,Frosmoth,Frosmoth
874,Stonjourner,Dolman,Humanolith,Stonjourner,Stonjourner
875,Eiscue,Bekaglaçon,Kubuin,Eiscue,Eiscue
876,Indeedee,Wimessir,Servol,Indeedee,Indeedee
877,Morpeko,Morpeko,Morpeko,Morpeko,Morpeko
878,Cufant,Charibari,Kupfanti,Cufant,Cufant
879,Copperajah,Pachyradjah,Patinaraja,Copperajah,Copperajah
880,Dracozolt,Galvagon,Lectragon,Dracozolt,Dracozolt
881,Arctozolt,Galvagla,Lecryodon,Arctozolt,Arctozolt
882,Dracovish,Hydragon,Pescragon,Dracovish,Dracovish
883,Arctovish,Hydragla,Pescryodon,Arctovish,Arctovish
884,Duraludon,Duralugon,Duraludon,Duraludon,Duraludon
885,Dreepy,Fantyrm,Grolldra,Dreepy,Dreepy
886,Drakloak,Dispareptil,Phandra,Drakloak,Drakloak
887,Dragapult,Lanssorien,Katapuldra,Dragapult,Dragapult
888,Zacian,Zacian,Zacian,Zacian,Zacian
889,Zamazenta,Zamazenta,Zamazenta,Zamazenta,Zamazenta
890,Eternatus,Éthernatos,Endynalos,Eternatus,Eternatus
891,Kubfu,Wushours,Dakuma,Kubfu,Kubfu
892,Urshifu,Shifours,Wulaosu,Urshifu,Urshifu
893,Zarude,Zarude,Zarude,Zarude,Zarude
894,Regieleki,Regieleki,Regieleki,Regieleki,Regieleki
895,Regidrago,Regidrago,Regidrago,Regidrago,Regidrago
896,Glastrier,Blizzeval,Polaross,Glastrier,Glastrier
897,Spectrier,Spectreval,Phantoross,Spectrier,Spectrier
898,Calyrex,Sylveroy,Coronospa,Calyrex,Calyrex
899,Wyrdeer,Cerbyllin,Damythir,Wyrdeer,Wyrdeer
900,Kleavor,Hachécateur,Axantor,Kleavor,Kleavor
901,Ursaluna,Ursaking,Ursaluna,Ursaluna,Ursaluna
902,Basculegion,Paragruel,Salmagnis,Basculegion,Basculegion
903,Sneasler,Farfurex,Snieboss,Sneasler,Sneasler
904,Overqwil,Qwilpik,Myriador,Overqwil,Overqwil
905,Enamorus,Amovénus,Cupidos,Enamorus,Enamorus
906,Sprigatito,Poussacha,Felori,Sprigatito,Sprigatito
907,Floragato,Matourgeon,Feliospa,Floragato,Floragato
908,Meowscarada,Miascarade,Maskagato,Meowscarada,Meowscarada
909,Fuecoco,Chochodile,Krokel,Fuecoco,Fuecoco
910,Crocalor,Crocogril,Lokroko,Crocalor,Crocalor
911,Skeledirge,Flâmigator,Skelokrok,Skeledirge,Skeledirge
912,Quaxly,Coiffeton,Kwaks,Quaxly,Quaxly
913,Quaxwell,Canarbello,Fuentente,Quaxwell,Quaxwell
914,Quaquaval,Palmaval,Bailonda,Quaquaval,Quaquaval
915,Lechonk,Gourmelet,Ferkuli,Lechonk,Lechonk
916,Oinkologne,Fragroin,Fragrunz,Oinkologne,Oinkologne
917,Tarountula,Tissenboule,Tarundel,Tarountula,Tarountula
918,Spidops,Filentrappe,Spinsidias,Spidops,Spidops
919,Nymble,Lilliterelle,Micrick,Nymble,Nymble
920,Lokix,Gambex,Lextremo,Lokix,Lokix
921,Pawmi,Pohm,Pamo,Pawmi,Pawmi
922,Pawmo,Pohmotte,Pamamo,Pawmo,Pawmo
923,Pawmot,Pohmarmotte,Pamomamo,Pawmot,Pawmot
924,Tandemaus,Compagnol,Zwieps,Tandemaus,Tandemaus
925,Maushold,Famignol,Famieps,Maushold,Maushold
926,Fidough,Pâtachiot,Hefel,Fidough,Fidough
927,Dachsbun,Briochien,Backel,Dachsbun,Dachsbun
928,Smoliv,Olivini,Olini,Smoliv,Smoliv
929,Dolliv,Olivado,Olivinio,Dolliv,Dolliv
930,Arboliva,Arboliva,Olithena,Arboliva,Arboliva
931,Squawkabilly,Tapatoès,Krawalloro,Squawkabilly,Squawkabilly
932,Nacli,Selutin,Geosali,Nacli,Nacli
933,Naclstack,Amassel,Sedisal,Naclstack,Naclstack
934,Garganacl,Gigansel,Saltigant,Garganacl,Garganacl
935,Charcadet,Charbambin,Knarbon,Charcadet,Charcadet
936,Armarouge,Carmadura,Crimanzo,Armarouge,Armarouge
937,Ceruledge,Malvalame,Azugladis,Ceruledge,Ceruledge
938,Tadbulb,Têtampoule,Blipp,Tadbulb,Tadbulb
939,Bellibolt,Ampibidou,Wampitz,Bellibolt,Bellibolt
940,Wattrel,Zapétrel,Voltrel,Wattrel,Wattrel
941,Kilowattrel,Fulgulairo,Voltrean,Kilowattrel,Kilowattrel
942,Maschiff,Grondogue,Mobtiff,Maschiff,Maschiff
943,Mabosstiff,Dogrino,Mastifioso,Mabosstiff,Mabosstiff
944,Shroodle,Gribouraigne,Sproxi,Shroodle,Shroodle
945,Grafaiai,Tag-Tag,Affiti,Grafaiai,Grafaiai
946,Bramblin,Virovent,Weherba,Bramblin,Bramblin
947,Brambleghast,Virevorreur,Horrerba,Brambleghast,Brambleghast
948,Toedscool,Terracool,Tentagra,Toedscool,Toedscool
949,Toedscruel,Terracruel,Tenterra,Toedscruel,Toedscruel
950,Klawf,Craparoi,Klibbe,Klawf,Klawf
951,Capsakid,Pimito,Chilingel,Capsakid,Capsakid
952,Scovillain,Scovilain,Halupenjo,Scovillain,Scovillain
953,Rellor,Léboulérou,Relluk,Rellor,Rellor
954,Rabsca,Bérasca,Skarabaks,Rabsca,Rabsca
955,Flittle,Flotillon,Flattutu,Flittle,Flittle
956,Espathra,Cléopsytra,Psiopatra,Espathra,Espathra
957,Tinkatink,Forgerette,Forgita,Tinkatink,Tinkatink
958,Tinkatuff,Forgella,Tafforgita,Tinkatuff,Tinkatuff
959,Tinkaton,Forgelina,Granforgita,Tinkaton,Tinkaton
960,Wiglett,Taupikeau,Schligda,Wiglett,Wiglett
961,Wugtrio,Triopikeau,Schligdri,Wugtrio,Wugtrio
962,Bombirdier,Lestombaile,Adebom,Bombirdier,Bombirdier
963,Finizen,Dofin,Normifin,Finizen,Finizen
964,Palafin,Superdofin,Delfinator,Palafin,Palafin
965,Varoom,Vrombi,Knattox,Varoom,Varoom
966,Revavroom,Vrombotor,Knattatox,Revavroom,Revavroom
967,Cyclizar,Motorizard,Mopex,Cyclizar,Cyclizar
968,Orthworm,Ferdeter,Schlurm,Orthworm,Orthworm
969,Glimmet,Germéclat,Lumispross,Glimmet,Glimmet
970,Glimmora,Floréclat,Lumiflora,Glimmora,Glimmora
971,Greavard,Toutombe,Gruff,Greavard,Greavard
972,Houndstone,Tomberro,Friedwuff,Houndstone,Houndstone
973,Flamigo,Flamenroule,Flaminkno,Flamigo,Flamigo
974,Cetoddle,Piétacé,Flaniwal,Cetoddle,Cetoddle
975,Cetitan,Balbalèze,Kolowal,Cetitan,Cetitan
976,Veluza,Délestin,Agiluza,Veluza,Veluza
977,Dondozo,Oyacata,Heerashai,Dondozo,Dondozo
978,Tatsugiri,Nigirigon,Nigiragi,Tatsugiri,Tatsugiri
979,Annihilape,Courrousinge,Epitaff,Annihilape,Annihilape
980,Clodsire,Terraiste,Suelord,Clodsire,Clodsire
981,Farigiraf,Farigiraf,Farigiraf,Farigiraf,Farigiraf
982,Dudunsparce,Deusolourdo,Dummimisel,Dudunsparce,Dudunsparce
983,Kingambit,Scalpereur,Gladimperio,Kingambit,Kingambit
984,Great Tusk,Fort-Ivoire,Riesenzahn,Colmilargo,Grandizanne
985,Scream Tail,Hurle-Queue,Brüllschweif,Colagrito,Codaurlante
986,Brute Bonnet,Fongus-Furie,Wutpilz,Furioseta,Fungofurioso
987,Flutter Mane,Flotte-Mèche,Flatterhaar,Melenaleteo,Crinealato
988,Slither Wing,Rampe-Ailes,Kriechflügel,Reptalada,Alirasenti
989,Sandy Shocks,Pelage-Sablé,Sandfell,Pelarena,Peldisabbia
990,Iron Treads,Roue-de-Fer,Eisenrad,Ferrodada,Solcoferreo
991,Iron Bundle,Hotte-de-Fer,Eisenbündel,Ferrosaco,Saccoferreo
992,Iron Hands,Paume-de-Fer,Eisenhand,Ferropalmas,Manoferrea
993,Iron Jugulis,Têtes-de-Fer,Eisenhals,Ferrocuello,Colloferreo
994,Iron Moth,Mite-de-Fer,Eisenfalter,Ferropolilla,Falenaferrea
995,Iron Thorns,Épine-de-Fer,Eisendorn,Ferropúas,Spineferree
996,Frigibax,Frigodo,Frospino,Frigibax,Frigibax
997,Arctibax,Cryodo,Cryospino,Arctibax,Arctibax
998,Baxcalibur,Glaivodo,Espinodon,Baxcalibur,Baxcalibur
999,Gimmighoul,Mordudor,Gierspenst,Gimmighoul,Gimmighoul
1000,Gholdengo,Gromago,Monetigo,Gholdengo,Gholdengo
1001,Wo-Chien,Chongjian,Chongjian,Wo-Chien,Wo-Chien
1002,Chien-Pao,Baojian,Baojian,Chien-Pao,Chien-Pao
1003,Ting-Lu,Dinglu,Dinglu,Ting-Lu,Ting-Lu
1004,Chi-Yu,Yuyu,Yuyu,Chi-Yu,Chi-Yu
1005,Roaring Moon,Rugit-Lune,Donnersichel,Bramaluna,Lunaruggente
1006,Iron Valiant,Garde-de-Fer,Eisenkrieger,Ferropaladín,Eroeferreo
1007,Koraidon,Koraidon,Koraidon,Koraidon,Koraidon
1008,Miraidon,Miraidon,Miraidon,Miraidon,Miraidon
1009,Walking Wake,Serpente-Eau,Windewoge,Ondulagua,Acquecrespe
1010,Iron Leaves,Vert-de-Fer,Eisenblatt,Ferroverdor,Fogliaferrea
1011,Dipplin,Pomdramour,Sirapfel,Dipplin,Dipplin
1012,Poltchageist,Poltchageist,Mortcha,Poltchageist,Poltchageist
1013,Sinistcha,Théffroyable,Fatalitcha,Sinistcha,Sinistcha
1014,Okidogi,Félicanis,Boninu,Okidogi,Okidogi
1015,Munkidori,Fortusimia,Benesaru,Munkidori,Munkidori
1016,Fezandipiti,Favianos,Beatori,Fezandipiti,Fezandipiti
1017,Ogerpon,Ogerpon,Ogerpon,Ogerpon,Ogerpon
1018,Archaludon,Pondralugon,Briduradon,Archaludon,Archaludon
1019,Hydrapple,Pomdorochi,Hydrapfel,Hydrapple,Hydrapple
1020,Gouging Fire,Feu-Perçant,Keilflamme,Flamariete,Vampeaguzze
1021,Raging Bolt,Ire-Foudre,Furienblitz,Electrofuria,Furiatonante
1022,Iron Boulder,Roc-de-Fer,Eisenfels,Ferromole,Massoferreo
1023,Iron Crown,Chef-de-Fer,Eisenhaupt,Ferrotesta,Capoferreo
1024,Terapagos,Terapagos,Terapagos,Terapagos,Terapagos
1025,Pecharunt,Pêchaminus,Infamomo,Pecharunt,Pecharunt
